{
    "providers": [
        {
            "type": "bitmap",
            "file": "supernova:gui/waypoint_transporter/waypoint_transporter.png",
            "ascent": 13,
            "height": 256,
            "chars": [
                "\uE000"
            ]
        },
        {
            "type": "bitmap",
            "file": "supernova:gui/waypoint_transporter/waypoint_searcher.png",
            "ascent": 13,
            "height": 256,
            "chars": [
                "\uE001"
            ]
        },
        {
            "type": "space",
            "advances": {
                "\uF000": -8,
                "\uF001": -169,
                "\uF002": -60,
                "\uF003": -117
            }
        }
    ]
}